Sequence,Escherichia coli str. K-12 substr. MG1655, complete genome.
Global score mean:,2.62822e-308
Score,Site,Strand,Distance,Type,Abs. position,Gene strand,Start,End,Gene tag,Gene,Product,Local Mean,Up Mean,Dw Mean
27.396343747151,TACTGTATAAATAAACAGTA,0,-235,Operator,3851342,1,3851576,3851665,b4618,tisB,lexA-regulated toxic peptide,0,0,0
27.351431327412,TACTGTATATAAAAACAGTA,1,-40,Operator,1229951,1,1229990,1230409,b1183,umuD,DNA polymerase V. subunit D,0,0,0
27.351431327412,TACTGTATATAAAAACAGTA,0,-34,Operator,2079321,0,2079286,2078813,b2009,sbmC,DNA gyrase inhibitor,0,0,0
26.524558800229,AACTGTATATAAATACAGTT,1,-64,Operator,3815720,1,3815783,3816607,b3645,dinD,DNA-damage-inducible protein,0,0,0
25.147072933774,TACTGTATATAAAACCAGTT,1,-69,Operator,2749749,1,2749817,2751478,b2616,recN,recombination and repair protein,0,0,0
24.139927375,TACTGGATAAAAAAACAGTT,0,-75,Operator,812675,1,812749,814770,b0779,uvrB,excinulease of nucleotide excision repair. DNA,0,0,0
23.662518038145,TACTGTATAAAATCACAGTT,0,-37,Operator,1928809,0,1928771,1928481,b1848,yebG,conserved protein regulated by LexA,0,0,0
23.580906257206,AACTGGATAATCATACAGTA,1,-146,Operator,3646003,0,3645856,3645728,b4613,dinQ,Damage inducible. function unknown,0,0,0
23.362396607135,CACTGTATAAATAAACAGCT,1,-197,Operator,606863,1,607059,607211,b4415,hokE,toxic polypeptide. small,0,0,0
22.439894001961,TACTGTACATCCATACAGTA,0,-42,Operator,1020185,0,1020142,1019633,b0958,sulA,SOS cell division inhibitor,0,0,0
22.422598413403,ACCTGTATAAATAACCAGTA,0,-39,Operator,1120750,0,1120710,1120465,b1061,dinI,DNA damage-inducible protein I,0,0,0
22.398104442798,TACTGTATGAGCATACAGTA,0,-79,Operator,2821871,0,2821791,2820730,b2699,recA,DNA strand exchange and recombination protein,0,0,0
22.131401386187,TACTGGATATTTAAACAGGT,0,-243,Operator,1225581,1,1225823,1226191,b1177,ycgJ,predicted protein,0,0,0
22.035189612948,AACTGTATATACACCCAGGG,1,-27,Operator,4255112,1,4255138,4255746,b4043,lexA,DNA-binding transcriptional repressor of SOS,0,0,0
20.957998269334,TGCTGTATATACTCACAGCA,1,-48,Operator,4255091,1,4255138,4255746,b4043,lexA,DNA-binding transcriptional repressor of SOS,0,0,0
20.821695183416,AACTGGATAAAATTACAGGG,1,-3833,Intergenic,2194469,1,2198301,2201933,b2118,yehI,conserved protein,0,0,0
20.523089587884,TACTGTATATTCATTCAGGT,0,-103,Operator,4271998,0,4271894,4269072,b4058,uvrA,ATPase and DNA damage recognition protein of,0,0,0
19.858985007987,TACTGTACACAATAACAGTA,1,-47,Operator,2749771,1,2749817,2751478,b2616,recN,recombination and repair protein,0,0,0
19.607153896246,AGCTGAATAAATATACAGCA,0,-34,Operator,246537,0,246502,246242,b0226,dinJ,predicted antitoxin of YafQ-DinJ toxin-antitoxin,0,0,0
19.182746937062,ATCTGTATATATACCCAGCT,1,-77,Operator,3995930,1,3996006,3998168,b3813,uvrD,DNA-dependent ATPase I and helicase II,0,0,0
18.274966374565,CACTGGATAGATAACCAGCA,1,-34,Operator,1821506,1,1821539,1822426,b1741,cho,endonuclease of nucleotide excision repair,0,0,0
18.120625275683,TACTGCATATACAACCAGAA,0,647,Intragenic,3874109,1,3873461,3874117,b3696,yidX,predicted lipoproteinC,0,0,0
18.108344560207,CACTGTATACTTTACCAGTG,1,-35,Operator,250864,1,250898,251953,b0231,dinB,DNA polymerase IV,0,0,0
18.066253298841,AACTGTCGATACGTACAGTA,0,-15,Operator,1808221,1,1808235,1808825,b1728,ydjM,predicted inner membrane protein regulated by,0,0,0
17.854744552188,TGCTGTACAAACGTCCAGTT,0,-44,Operator,4015313,1,4015356,4016783,b3832,rmuC,predicted recombination limiting protein,0,0,0
17.707012132426,CGCTGGATATCTATCCAGCA,0,-69,Operator,1944070,0,1944000,1943389,b1861,ruvA,component of RuvABC resolvasome. regulatory,0,0,0
17.695529125118,TGCTGTTTATTAAACCAGAA,1,123,Intragenic,1227426,1,1227302,1227961,b1180,ycgM,predicted isomerase/hydrolase,0,0,0
17.36328816027,CATTGTTTATAAAAACAGCA,1,-49,Operator,3213545,0,3213495,3212989,b3068,mug,G/U mismatch-specific DNA glycosylase,0,0,0
17.360791140708,TACTGGAGACAAATACAGCT,0,431,Intragenic,3719653,1,3719221,3720072,b3558,insK,IS150 conserved protein InsB,0,0,0
17.149990084607,ACCTGTATATATCATCAGTA,1,-75,Operator,4577939,0,4577863,4577522,b4347,symE,conserved protein,0,0,0
17.07720229231,TACTGTATAAACAGCCAATA,0,-15,Operator,832279,1,832293,834443,b0799,dinG,ATP-dependent DNA helicase,0,0,0
16.924280764252,TACTGTTTATCTTCCCAGCG,1,788,Intragenic,50435,0,51222,50380,b0049,apaH,diadenosine tetraphosphatase,0,0,0
16.651291116269,GACTGTATAAAACCACAGCC,0,-73,Operator,65854,0,65780,63429,b0060,polB,DNA polymerase II,0,0,0
16.643545500261,TATTGTATATATTCACATTA,0,-229,Operator,1956386,0,1956156,1955056,b1873,torY,TMAO reductase III (TorYZ). cytochrome c-type,0,0,0
16.598002341032,AAGTGTATTTACACACAGCG,1,222,Intragenic,1069356,0,1069577,1069083,b1007,rutF,predicted oxidoreductase. flavin:NADH component,0,0,0
16.277125856494,AACTGGATAATCATACCGTT,0,484,Intragenic,1354651,0,1355134,1353491,b1294,sapA,predicted antimicrobial peptide transporter,0,0,0
16.239648577802,TGCTGTATGGATTAACAGGA,0,-77,Operator,932371,1,932447,936436,b0890,ftsK,DNA-binding membrane protein required for,0,0,0
16.149553180666,TCCTGTATGAAAAACCATTA,0,-9,Operator,2749809,1,2749817,2751478,b2616,recN,recombination and repair protein,0,0,0
15.95029488496,GCCTGTCTGAACAAACAGTA,0,549,Intragenic,1714698,0,1715246,1713972,b1637,tyrS,tyrosyl-tRNA synthetase,0,0,0
15.917368746105,AAGTGTATATATATCCATCG,1,188,Intragenic,4539169,1,4538980,4539582,b4312,fimB,tyrosine recombinase/inversion of on/off,0,0,0
15.762096834037,AATTGTTTAAAAAACCAGAA,0,111,Intragenic,1500593,1,1500481,1501149,b1431,ydcL,predicted lipoprotein,0,0,0
15.731008384924,TATTGTATTTATAAACATTA,1,52,Operator,3742404,1,3742351,3742824,b3577,yiaM,predicted transporter,0,0,0
15.614609228731,AACTGATTAAAAACCCAGCG,0,-136,Operator,711258,0,711121,710828,b0685,ybfE,lexA-regulated predicted protein,0,0,0
15.595277751398,GAGTGTATATAAAGCCAGAA,1,-36,Operator,3516545,0,3516508,3515420,b3389,aroB,3-dehydroquinate synthase,0,0,0
15.517323980333,TTCTGGATAAGCATCCAGAA,0,-173,Operator,3165914,0,3165740,3164133,b3020,ygiS,predicted transporter subunit:,0,0,0
15.472541088581,ACCTGAATATTCAAACAGCG,1,2451,Intragenic,1436358,0,1438808,1435284,b1378,ydbK,fused predicted pyruvate-flavodoxin,0,0,0
15.470203454247,TACTGTCTACCAAAACAGAG,1,-31,Operator,2713415,1,2713445,2714032,b2578,eamB,neutral amino-acid efflux system,0,0,0
15.42013822675,TCCTGTATAAATTAACCGTT,0,265,Intragenic,3119037,0,3119301,3117619,b2975,glcA,glycolate transporter,0,0,0
15.39334236466,TAATGAATATAAAACCAGGA,0,-73,Operator,3744045,1,3744117,3745103,b3579,yiaO,predicted transporter,0,0,0
15.329007696912,AACTGTAAATAATTACATGA,1,346,Intragenic,1649922,1,1649575,1650732,b1579,intQ,,0,0,0
15.197246696361,TACTGAATAAAAAAGCAGAA,0,-277,Operator,4576259,0,4575981,4574935,b4345,mcrC,5-methylcytosine-specific restriction enzyme,0,0,0
14.856694750542,TGCTGTACAATCAGCCAGCA,1,591,Intragenic,2109410,0,2110000,2109101,b2040,rfbD,dTDP-4-dehydrorhamnose reductase subunit.,0,0,0
14.69612761007,TGCTGGATTTACGACCAGAA,0,174,Intragenic,1498300,0,1498473,1497493,b1428,ydcK,predicted enzyme,0,0,0
14.651135150591,TACTGTTTATAAACCGAGCG,0,61,Operator,1599576,1,1599514,1601049,b1513,lsrA,fused AI2 transporter subunits of ABC,0,0,0
14.560501683829,TCTTGTATATCCAACCAGTT,0,406,Intragenic,2042082,1,2041675,2042472,b1976,mtfA,conserved protein,0,0,0
14.501228697364,CACTGTATTAAAAACCATTC,1,511,Intragenic,2824926,1,2824414,2825373,b2703,srlE,glucitol/sorbitol-specific enzyme IIB component,0,0,0
14.491125781419,AACTGTATTACCTTCCAGCC,0,1494,Intragenic,3689137,0,3690630,3688291,b3532,bcsB,regulator of cellulose synthase. cyclic di-GMP,0,0,0
14.434417736103,TACTGTTTCCATTTACAGCC,0,43,Operator,2967456,0,2967498,2967352,b4610,ygdT,hypothetical protein,0,0,0
14.404202593084,TAGTGGATGTAAAAACATTT,1,-53,Operator,243357,0,243303,240859,b0221,fadE,acyl coenzyme A dehydrogenase,0,0,0
14.350823610398,CACTGTCTATACTTACATGT,0,-73,Operator,1980485,0,1980411,1979611,b1897,otsB,trehalose-6-phosphate phosphatase. biosynthetic,0,0,0
14.30929551286,TACTGTTTGTGCAAATAGTA,1,40,Operator,561600,1,561559,562542,b0533,sfmH,predicted fimbrial-like adhesin protein,0,0,0
14.275446749783,AACTGGTTATCAACCCAGAC,1,5345,Intergenic,2282759,0,2288103,2287087,b2192,insH,IS5 transposase and trans-activator,0,0,0
14.251839887634,CTCTGTATCTAATTACAGGT,1,-32,Operator,1091545,0,1091512,1089089,b1024,pgaA,predicted outer membrane protein,0,0,0
14.247164867101,CACTGAATGCTAAAACAGCA,0,-83,Operator,4633417,0,4633333,4632464,b4396,rob,DNA-binding transcriptional activator,0,0,0
14.246816765525,TGCTGGATGTGAAACCAGCG,0,-246,Operator,3474709,0,3474462,3473740,b3346,yheO,predicted DNA-binding transcriptional regulator,0,0,0
14.214071365775,TGCTGATTAAAAAACCAGCG,1,1210,Intragenic,4348476,0,4349685,4348054,b4125,dcuS,sensory histidine kinase in two-component,0,0,0
14.192811771761,AACTGGATATCTATCCGGAA,0,223,Intragenic,2217281,0,2217503,2216586,b2131,osmF,predicted transporter subunit:,0,0,0
14.078271793463,CACTGTCTGATACAACAGTT,0,1283,Intergenic,1465568,0,1466850,1465945,b1402,insD,KpLE2 phage-like element; IS2 insertion element,0,0,0
14.023166682361,AATTGTTAATATATCCAGAA,0,-157,Operator,1314217,0,1314059,1313880,b1259,yciG,predicted protein,0,0,0
13.971807457764,AACTTTATGTACAGCCAGTG,1,401,Intragenic,3088771,1,3088369,3089076,b2945,endA,DNA-specific endonuclease I,0,0,0
13.933882643718,AACTGGTTATTCCACCAGAA,0,-333,Operator,3474796,0,3474462,3473740,b3346,yheO,predicted DNA-binding transcriptional regulator,0,0,0
13.865666202523,GAATGGATAAAAAAACAGCC,1,-44,Operator,4295193,0,4295148,4294459,b4078,yjcO,conserved protein,0,0,0
13.863173895594,AGCTGTATAAAAATCCTGAG,0,883,Intragenic,1815642,0,1816524,1815172,b1734,chbF,cryptic phospho-beta-glucosidase.,0,0,0
13.833601588695,TCCTGGCTATTTTGCCAGTA,0,332,Intragenic,1501327,0,1501658,1501167,b4578,yncK,,0,0,0
13.812893532551,AGCTGGCTATCTGAACAGTT,0,196,Intragenic,3247188,1,3246991,3247359,b3097,yqjC,conserved protein,0,0,0
13.726037914757,CACTGGATATTCCTTCAGGT,0,64,Operator,2538773,0,2538836,2537739,b2422,cysA,sulfate/thiosulfate transporter subunit,0,0,0
13.708208686477,GGCTGGATAAAGAACCAGAA,1,2166,Intragenic,110446,1,108279,110984,b0098,secA,preprotein translocase subunit. ATPase,0,0,0
13.696348531831,AACTGAATAAAAACAAAGGA,0,49,Operator,655830,1,655780,656340,b0622,pagP,palmitoyl transferase for Lipid A,0,0,0
13.644717798892,TGCTGTACATCAGCACAGAT,1,482,Intragenic,4310533,0,4311014,4310124,b4089,rpiR,DNA-binding transcriptional repressor,0,0,0
13.641454598754,CAGTGGATTAACTTCCAGTT,0,-208,Operator,4539853,1,4540060,4540656,b4313,fimE,tyrosine recombinase/inversion of on/off,0,0,0
13.596295497947,TACTGGATACAAAAACGGAT,1,-38,Operator,83747,0,83708,83622,b0075,leuL,leu operon leader peptide,0,0,0
13.581410003907,AACTATATAAATAAACATAA,1,-275,Operator,1891883,1,1892157,1892456,b1810,yoaC,predicted protein,0,0,0
13.561083486712,TGCTGCATGAAGAAACAGTA,0,169,Intragenic,3654147,0,3654315,3653989,b3509,hdeB,acid-resistance protein,0,0,0
13.560865704996,GTCTGAATGAATACCCAGTA,0,-6,Operator,4240284,0,4240277,4238802,b4031,xylE,D-xylose transporter,0,0,0
13.554196034688,TACTTTATTTACTCCCAGTG,0,0,Operator,3951502,1,3951501,3953351,b3771,ilvD,dihydroxyacid dehydratase,0,0,0
13.418276822927,TACTGGAAACTAACACAGGC,0,15,Operator,855202,1,855186,856778,b0820,ybiT,fused predicted transporter subunits of ABC,0,0,0
13.373321331881,TACTGGATATCAAACCTGAA,1,-276,Operator,776688,1,776963,778255,b0740,tolB,periplasmic protein,0,0,0
13.367424886076,TACTGTCGGAAAAATCAGTG,1,2020,Intragenic,1089493,0,1091512,1089089,b1024,pgaA,predicted outer membrane protein,0,0,0
13.306181157878,AACTGTATATGTCGCCAGGC,0,349,Intragenic,2581152,0,2581500,2580925,b2467,nudK,predicted NUDIX hydrolase,0,0,0
13.295459909973,TACTCTTCATTAAAACAGTG,1,767,Intragenic,3106411,0,3107177,3105042,b2965,speC,ornithine decarboxylase. constitutive,0,0,0
13.213184797175,GACTGGCTTAATACACAGCC,0,-292,Operator,612874,1,613165,613383,b4511,ybdZ,conserved protein,0,0,0
13.204051607854,CAGTGTAAGAATAGACAGTG,0,81,Operator,2987408,1,2987326,2987808,b2848,yqeJ,predicted protein,0,0,0
13.081678730432,CGCTGGATGAGCGTACAGCA,0,289,Intragenic,1927443,0,1927731,1927072,b1846,yebE,conserved protein,0,0,0
13.075764894584,AACGGGATAATAAAACAGCC,1,-3325,Intergenic,2194977,1,2198301,2201933,b2118,yehI,conserved protein,0,0,0
13.063782078375,TACCGTTTGTATTTCCAGCT,1,166,Intragenic,256144,1,255977,256435,b0238,gpt,guanine-hypoxanthine phosphoribosyltransferase,0,0,0
13.00677369636,CTCTGGACATTAAACCAGGA,1,-231,Operator,3210839,1,3211069,3212910,b3067,rpoD,RNA polymerase. sigma 70 (sigma D) factor,0,0,0
12.981288999815,TAGTTTATATAAATTCAGTC,0,-110,Operator,3802271,0,3802160,3801081,b3628,rfaB,UDP-D-galactose:(glucosyl)lipopolysaccharide-1.,0,0,0
12.973347124853,TACTGTATATTCCTCAAGCG,0,-51,Operator,4010891,0,4010839,4009886,b3828,metR,DNA-binding transcriptional activator.,0,0,0
12.973056339332,AACTGGATATATAAATAATG,1,214,Intragenic,1219039,1,1218824,1221471,b4491,ycgH,,0,0,0
12.967175740459,AACGGTTTAAACACCCAGCG,0,97,Operator,3603872,1,3603774,3604400,b3468,yhhN,conserved inner membrane protein,0,0,0
12.962005453865,GCCTGGTTAAATGACCAGCA,0,90,Operator,2150407,0,2150496,2149735,b2072,yegK,predicted protein,0,0,0
12.960655022132,TACTGTTTAGCCAGCCAGTC,1,1472,Intragenic,951306,0,952777,950495,b0903,pflB,pyruvate formate lyase I,0,0,0
12.870253636794,TGCTGAACATTCTTCCAGCA,1,1495,Intragenic,3629119,0,3630613,3628991,b3488,yhiJ,predicted protein,0,0,0
12.858184455616,TACTGGAAATAAGATCAGCC,0,-228,Operator,3662870,0,3662641,3661913,b3515,gadW,DNA-binding transcriptional activator,0,0,0
12.840572702909,AACTGGATCTTAAAAAAGTA,0,205,Intragenic,506102,0,506306,505827,b0481,ybaK,conserved protein,0,0,0
12.832120339437,GGCTGGACAATTTTACAGCT,0,-100,Operator,3518826,0,3518725,3517487,b3391,hofQ,predicted fimbrial transporter,0,0,0
12.823652269568,AACTGTCTCTTATGACAGTT,0,446,Intragenic,899353,0,899798,899067,b0860,artJ,arginine transporter subunit,0,0,0
12.799026947836,AACTGGATACAGAAACAATA,1,-1257,Intergenic,3580250,1,3581506,3581781,b3444,insA,KpLE2 phage-like element; IS1 repressor protein,0,0,0
12.793226866325,TAGTGTTCAGTTTTACAGTA,0,-549,Intergenic,2033311,1,2033859,2034710,b1967,hchA,Hsp31 molecular chaperone,0,0,0
12.744139177433,TAGTGTTTGTTCATCCATTA,1,2337,Intragenic,412641,0,414977,411831,b0397,sbcC,exonuclease. dsDNA. ATP-dependent,0,0,0
12.73961226693,CAGTGTTGAAAAGTCCAGTA,1,379,Intragenic,3413435,1,3413055,3416159,b3266,acrF,multidrug efflux system protein,0,0,0
12.71960056336,ATCTGGCTGAAATTACAGAA,1,-54,Operator,4408523,1,4408576,4409274,b4182,yjfJ,predicted transcriptional regulator effector,0,0,0
12.718879306503,GATTGAATGAATATACAGGG,0,-79,Operator,156281,0,156201,155461,b0140,ecpD,predicted periplasmic pilin chaperone,0,0,0
12.717192149691,CACTGGTTTTCCACCCAGCA,1,221,Intragenic,1699203,1,1698981,1700153,b1622,malY,bifunctional beta-cystathionase. PLP-dependent/,0,0,0
12.695286013912,AACTGGTTGAAAAACCATCA,0,33,Operator,2031071,0,2031103,2030408,b1962,yedJ,predicted phosphohydrolase,0,0,0
12.688917396359,AACTGGTTTAACTCCCAGGG,1,623,Intragenic,19339,1,18715,19620,b0020,nhaR,DNA-binding transcriptional activator,0,0,0
12.686058703801,AGCTGGATAAACAAAAAGCG,0,127,Intragenic,3490193,0,3490319,3489747,b3363,ppiA,peptidyl-prolyl cis-trans isomerase A (rotamase,0,0,0
12.683287360054,AACTGGATAAATTACCGGAT,0,712,Intragenic,3928405,0,3929116,3927620,b3746,ravA,fused predicted transcriptional regulator:,0,0,0
12.680541693907,AACTGGATTTAAATCCTGGT,1,933,Intragenic,1916468,1,1915534,1918167,b1834,yebT,conserved protein,0,0,0
12.680111129212,AACTGTATTTACAATCATCT,0,455,Intragenic,3001967,1,3001511,3001990,b2868,xdhC,xanthine dehydrogenase. Fe-S binding subunit,0,0,0
12.673197641402,TACTCTCTGTTCATCCAGCA,1,-138,Operator,1975302,0,1975163,1974276,b1890,motA,proton conductor component of flagella motor,0,0,0
12.633459357015,TACTCTATGCAATAACAGAA,0,-7,Operator,1306806,1,1306812,1306985,b4595,yciY,hypothetical protein,0,0,0
12.588118633857,TGCTGAATGCATTAACAGCG,1,156,Intragenic,958192,1,958035,959318,b0908,aroA,5-enolpyruvylshikimate-3-phosphate synthetase,0,0,0
12.577158230585,CACTGGTTATCTTTACCGTA,1,24,Operator,1661658,1,1661633,1662487,b1590,ynfH,oxidoreductase. membrane subunit,0,0,0
12.562539237825,TGGTGGATATTTTTTCAGGA,1,1632,Intragenic,3982399,0,3984030,3982375,b3801,aslA,acrylsulfatase-like enzyme,0,0,0
12.546448804699,AACTGGATATCAATCCGGAT,0,172,Intragenic,1015522,0,1015693,1015175,b0954,fabA,beta-hydroxydecanoyl thioester dehydrase,0,0,0
12.529333973585,AAGTGTAAAATTCTACAGAA,1,-1572,Intergenic,4248958,1,4250529,4251026,b4039,ubiC,chorismate pyruvate lyase,0,0,0
12.518300016869,AACCGGACATAAAGCCAGTA,0,653,Intragenic,4063137,0,4063789,4062386,b3876,yihO,predicted transporter,0,0,0
12.496106360141,CACTGTATAAAAATCCTATA,1,-53,Operator,1808183,1,1808235,1808825,b1728,ydjM,predicted inner membrane protein regulated by,0,0,0
12.455928159549,AACTCTATATTACCCCAGTT,0,385,Intragenic,1585374,0,1585758,1584844,b1502,ydeQ,predicted fimbrial-like adhesin protein,0,0,0
12.448464147777,ACCAGAATAAACATCCAGTA,0,85,Operator,3250412,1,3250326,3250691,b3103,yhaH,predicted inner membrane protein,0,0,0
12.432243567848,TACTGGATGCATTACCGGTA,1,-132,Operator,834340,1,834471,835433,b0800,ybiB,predicted transferase/phosphorylase,0,0,0
12.385663867088,CACTCTTTATAAAACCAGGC,0,742,Intragenic,2004923,1,2004180,2005667,b1927,amyA,cytoplasmic alpha-amylase,0,0,0
12.382688115422,CAGTGAAAATAAAAACAGGA,1,1315,Intergenic,3649907,0,3651221,3650205,b3505,insH,IS5 transposase and trans-activator,0,0,0
12.364840757076,AACGGTTTATCTAGCCAGTA,0,231,Intragenic,2332751,0,2332981,2332358,b2229,yfaT,predicted protein,0,0,0
12.354456187492,TCATGTATGATCATACAGAC,1,392,Intragenic,1960389,1,1959996,1960484,b1877,yecT,predicted protein,0,0,0
12.302616237943,TGCTGAATATATAAAAAGAG,0,-190,Operator,3497281,1,3497470,3497637,b3369,yhfL,conserved secreted peptide,0,0,0
12.277198336,ACCTGGATGTCACCACAGTT,0,-124,Operator,2308552,0,2308427,2307363,b2213,ada,fused DNA-binding transcriptional dual,0,0,0
12.261490597324,TACTAAATGAAAAAACAGCG,1,-981,Intergenic,3580526,1,3581506,3581781,b3444,insA,KpLE2 phage-like element; IS1 repressor protein,0,0,0
12.24092927582,AACTGGATGAACAACCGGCG,0,-244,Operator,2841713,0,2841468,2841058,b2718,hycH,protein required for maturation of hydrogenase,0,0,0
12.224545882862,TTCTTTATACATATCCAGCG,1,471,Intragenic,1685931,0,1686401,1684755,b1612,fumA,fumarate hydratase (fumarase A). aerobic Class,0,0,0
12.218063844232,AAGTGTTTGCTAACACAGCA,0,691,Intragenic,1585068,0,1585758,1584844,b1502,ydeQ,predicted fimbrial-like adhesin protein,0,0,0
12.20592472974,AAGTGTAAAAAATCCCAGCG,0,151,Intragenic,2385108,1,2384956,2385459,b2272,yfbM,predicted protein,0,0,0
12.193749009575,AACTGGATAAAGACACCGCT,0,1324,Intragenic,2451700,0,2453023,2450378,b4661,yfcU,,0,0,0
12.18130529597,TGCTGTATGGTAAATCAGAA,1,690,Intragenic,2942050,1,2941359,2942564,b2810,csdA,cysteine sulfinate desulfinase,0,0,0
12.178208254831,AACTGTATGATTTAAAAGAT,1,-161,Operator,2506426,0,2506264,2505938,b2387,fryB,predicted enzyme IIB component of PTS,0,0,0
12.14241993109,TACGGTATAAAAAGACCGTA,1,1540,Intragenic,138624,1,137083,138633,b0123,cueO,multicopper oxidase (laccase),0,0,0
12.13288181348,TGCTGGATATTATCCCATCA,0,616,Intragenic,3985290,0,3985905,3984709,b3802,hemY,predicted protoheme IX synthesis protein,0,0,0
12.129265207785,TACTGTCTGAAGAAGCAGTG,1,1971,Intragenic,759901,1,757929,760730,b0726,sucA,2-oxoglutarate decarboxylase. thiamin-requiring,0,0,0
12.119974624388,AACTGAATAAATACCCCGGT,1,1709,Intragenic,842995,0,844703,842478,b0808,ybiO,predicted mechanosensitive channel,0,0,0
12.117376181306,TGCTGTATGAGTAACCGGTA,1,496,Intragenic,2938770,0,2939265,2938165,b2806,ygdE,predicted methyltransferase,0,0,0
12.112038616032,CACTGGAAAAATGCGCAGTA,0,1371,Intragenic,3164370,0,3165740,3164133,b3020,ygiS,predicted transporter subunit:,0,0,0
12.098561545595,AACTGGATAGCTATGCAGAA,0,637,Intragenic,2097001,0,2097637,2096471,b2028,ugd,UDP-glucose 6-dehydrogenase,0,0,0
12.088355138952,AATTGTAAAAAACAACAGCA,1,-214,Operator,3632651,1,3632864,3633916,b3491,yhiM,conserved inner membrane protein,0,0,0
12.081533969694,AACTGTTTATCAACACCGCT,1,423,Intragenic,2851700,1,2851276,2852286,b2730,hypE,carbamoyl phosphate phosphatase. hydrogenase 3,0,0,0
12.04651149897,ACCTGTACCTTAAACCAGGA,1,734,Intragenic,1918982,1,1918247,1919686,b1835,rsmF,16S rRNA m(5)C1407 methyltransferase.,0,0,0
11.997209180699,TACTTTATAGTTTCCCAGTT,1,-19,Operator,3800042,0,3800022,3799006,b3626,rfaJ,UDP-D-glucose:(galactosyl)lipopolysaccharide,0,0,0
11.97965541436,ATCTGCATAAAGAACCAGTA,1,210,Intragenic,4503521,1,4503310,4504428,b4280,yjhC,KpLE2 phage-like element; predicted,0,0,0
11.969047443168,CCCTCTTTATATTTCCAGTG,1,1079,Intragenic,2910595,0,2911673,2909439,b2784,relA,(p)ppGpp synthetase I/GTP pyrophosphokinase,0,0,0
11.954610610736,TACTGTTTATTAATGTAGCA,1,-27,Operator,3663861,0,3663833,3663009,b3516,gadX,DNA-binding transcriptional dual regulator,0,0,0
11.944889997853,ATGTGAATGAATATCCAGTT,1,-211,Operator,3316449,1,3316659,3318002,b3172,argG,argininosuccinate synthetase,0,0,0
11.926051478579,AACTGGTTAAAATTAGAGAT,0,273,Intragenic,4190386,0,4190658,4189888,b3991,thiG,thiamin biosynthesis ThiGH complex subunit,0,0,0
11.89274529846,TACTGTAAGAAAAACCCGCA,0,-135,Operator,3654061,0,3653925,3653278,b3508,yhiD,predicted Mg(2+) transport ATPase  inner,0,0,0
11.890199458443,ACCTGGAGAAAGAAACAGCG,0,-157,Operator,2761720,0,2761562,2759373,b2627,yfjK,CP4-57 prophage; conserved protein,0,0,0
11.884905652623,CACTGTTTACCCTGACAGTC,0,979,Intragenic,4596486,0,4597464,4595173,b4359,opgB,phosphoglycerol transferase I,0,0,0
11.884563225955,AACTGGCTCATAACCCAGAA,0,64,Operator,2707363,0,2707426,2706776,b2572,rseA,anti-sigma factor,0,0,0

Sequences,1
Sites,166
A priori H,2.000
Method,Ri
Cut-off,+11.852; - Computed
